tx,rx
1619212131175638784,1619212132175640362
1619212132151696640,1619212133151697794
1619212133154030080,1619212134154031258
1619212134156364288,1619212135156365298
1619212135158697728,1619212136158698818
1619212136161031168,1619212137161032846
1619212137163364608,1619212138163366406
1619212138165698816,1619212139165700330
1619212139168032256,1619212140168033354
1619212140170365696,1619212141170366922
1619212141172699648,1619212142172701422
1619212142175033088,1619212143175034926
1619212143177366784,1619212144177367914
1619212144179700224,1619212145179701362
1619212145182033664,1619212146182035414